-- Location
INSERT INTO Location (location_id, name, address, building, floor, location_type)
VALUES
(1, 'Curry Student Center', '360 Huntington Ave', 'Curry', '1st Floor', 'dining'),
(2, 'Curry Student Center', '360 Huntington Ave', 'Curry', '2nd Floor', 'study'),
(3, 'Curry Student Center', '360 Huntington Ave', 'Curry', 'Basement', 'service'),
(4, 'Snell Library', '376 Huntington Ave', 'Snell', '1st Floor', 'study'),
(5, 'Snell Library', '376 Huntington Ave', 'Snell', '2nd Floor', 'quiet_study'),
(6, 'Snell Library', '376 Huntington Ave', 'Snell', '3rd Floor', 'quiet_study'),
(7, 'ISEC', '805 Columbus Ave', 'ISEC', 'Ground Level', 'study'),
(8, 'ISEC', '805 Columbus Ave', 'ISEC', '2nd Floor', 'classroom'),
(9, 'Marino Recreation Center', '369 Huntington Ave', 'Marino', '1st Floor', 'fitness'),
(10,'Marino Recreationa Center', '369 Huntington Ave', 'Marino', '2nd Floor', 'fitness'),
(11,'Ryder Hall', '360 Huntington Ave', 'Ryder Hall', '1st Floor', 'dining'),
(12,'Ryder Hall', '360 Huntington Ave', 'Ryder Hall', '2nd Floor', 'classroom'),
(13,'Richards Hall', '360 Huntington Ave', 'Richards', 'Basement', 'classroom'),
(14,'Richards Hall', '360 Huntington Ave', 'Richards', '1st Floor', 'classroom'),
(15,'Richards Hall', '360 Huntington Ave', 'Richards', '2nd Floor', 'classroom'),
(16,'Shillman Hall', '115 Forsyth St', 'Shillman', '1st Floor', 'classroom'),
(17,'Shillman Hall', '115 Forsyth St', 'Shillman', '2nd Floor', 'classroom'),
(18,'EXP Research Center', '815 Columbus Ave', 'EXP', '1st Floor', 'innovation'),
(19,'EXP Research Center', '815 Columbus Ave', 'EXP', '2nd Floor', 'lab'),
(20,'EXP Research Center', '815 Columbus Ave', 'EXP', '3rd Floor', 'classroom'),
(21,'Columbus Parking Garage', '795 Columbus Ave', 'Columbus Garage', 'Ground Level', 'service'),
(22,'East Village', '291 St. Botolph St', 'East Village', 'Lobby', 'service'),
(23,'East Village', '291 St. Botolph St', 'East Village', '17th Floor', 'study'),
(24,'Dodge Hall', '360 Huntington Ave', 'Dodge Hall', 'Ground Level', 'classroom'),
(25,'Dodge Hall', '360 Huntington Ave', 'Dodge Hall', '2nd Floor', 'classroom'),
(26,'Forsyth Building', '70 Forsyth St', 'Forsyth Building', '1st Floor', 'classroom'),
(27,'Forsyth Building', '70 Forsyth St', 'Forsyth Building', '2nd Floor', 'classroom'),
(28,'Kariotis Hall', '360 Huntington Ave', 'Kariotis Hall', '1st Floor', 'lab'),
(29,'Kariotis Hall', '360 Huntington Ave', 'Kariotis Hall', '2nd Floor', 'lab'),
(30,'Snell Engineering', '110 Forsyth St', 'Snell Engineering', '1st Floor', 'lab'),
(31,'Snell Engineering', '110 Forsyth St', 'Snell Engineering', '2nd Floor', 'classroom'),
(32,'Robinson Hall', '360 Huntington Ave', 'Robinson', '1st Floor', 'classroom'),
(33,'Robinson Hall', '360 Huntington Ave', 'Robinson', '2nd Floor', 'classroom'),
(34,'Matthews Arena', '238 St. Botolph St', 'Matthews', 'Concourse', 'service'),
(35,'Matthews Arena', '238 St. Botolph St', 'Matthews', 'Basement', 'service'),
(36,'LightView Apartments', '744 Columbus Ave', 'LightView', 'Lobby', 'service'),
(37,'West Village F', '40A Leon St', 'WVF', 'Lobby', 'study'),
(38,'West Village G', '450 Parker St', 'WVG', '1st Floor', 'study'),
(39,'West Village H', '440 Huntington Ave', 'WVH', 'Lobby', 'study'),
(40,'Rubenstein Hall', '407 Huntington Ave', 'Rubenstein', '1st Floor', 'classroom');

INSERT INTO Store (store_id, location_id, store_name, store_type, status, capacity)
VALUES
(1, 1, 'Curry Starbucks', 'cafe', 'open', 40),
(2, 1, 'Curry Taco Bell', 'dining', 'busy', 50),
(3, 2, 'Curry Upstairs Study Pods', 'study', 'open', 80),
(4, 4, 'Snell First Floor Pods', 'study', 'open', 120),
(5, 5, 'Snell Quiet Study 2nd Floor', 'quiet_study', 'open', 75),
(6, 6, 'Snell Silent Room', 'quiet_study', 'closed', 60),
(7, 7, 'ISEC Cafe', 'dining', 'open', 45),
(8, 8, 'ISEC Classroom Lounge', 'study', 'open', 25),
(9, 9, 'Marino Cardio Floor', 'fitness', 'busy', 200),
(10, 10, 'Marino Weight Room', 'fitness', 'open', 150),
(11, 12, 'Ryder Hall Eatery', 'dining', 'open', 40),
(12, 14, 'Richards Lecture Hall', 'classroom', 'open', 60),
(13, 15, 'Richards Computer Lab', 'lab', 'open', 55),
(14, 16, 'Shillman Lounge', 'study', 'open', 30),
(15, 17, 'Shillman Hall Classroom Cluster', 'classroom', 'open', 40),
(16, 18, 'EXP Robotics Lab Lobby', 'innovation', 'open', 50),
(17, 19, 'EXP 2nd Floor Study Lounge', 'study', 'open', 35),
(18, 20, 'EXP Classroom Wing', 'classroom', 'open', 80),
(19, 21, 'Columbus Bike Parking', 'service', 'open', 20),
(20, 22, 'East Village Lobby Study', 'study', 'open', 25),
(21, 23, 'East Village Sky Lounge', 'study', 'open', 45),
(22, 24, 'Dodge Hall Atrium', 'study', 'open', 40),
(23, 25, 'Dodge 2nd Floor Lounge', 'study', 'open', 30),
(24, 26, 'Forsyth 1st Floor Classroom Cluster', 'classroom', 'open', 50),
(25, 27, 'Forsyth 2nd Floor Study Spots', 'study', 'open', 35),
(26, 28, 'Kariotis Hardware Lab', 'lab', 'open', 55),
(27, 29, 'Kariotis Design Studio', 'innovation', 'open', 40),
(28, 30, 'Snell Engineering Lobby', 'study', 'open', 60),
(29, 31, 'Snell Engineering Lab Wing', 'lab', 'open', 70),
(30, 32, 'Robinson Hall Study Corner', 'study', 'open', 20),
(31, 33, 'Robinson Lecture Stairs', 'service', 'open', 15),
(32, 34, 'Matthews Arena Concourse', 'service', 'busy', 250),
(33, 35, 'Matthews Basement Gym', 'fitness', 'open', 30),
(34, 36, 'LightView Lobby Study', 'study', 'open', 25),
(35, 37, 'WVF Lobby Center', 'study', 'open', 35),
(36, 38, 'WVG 1st Floor Study Space', 'study', 'open', 45),
(37, 39, 'WVH Lobby Pods', 'study', 'open', 30),
(38, 40, 'Rubenstein Study Room', 'study', 'open', 40),
(39, 3, 'Curry Basement Commuter Lounge', 'study', 'open', 60);

INSERT INTO Customers (customer_id, FName, LName, store_id, neuID)
VALUES
(1, 'Minnie', 'LePham', 1, '00124567'),
(2, 'Mai', 'Nguyen', 2, '00239485'),
(3, 'Vai', 'Unnithan', 3, '00938475'),
(4, 'Shreya', 'Selvaraju', 4, '00399284'),
(5, 'Mia', 'Sullivan', 5, '00748293'),
(6, 'Ethan', 'Nguyen', 6, '00298471'),
(7, 'Isabella', 'Martinez', 7, '00457293'),
(8, 'Aiden', 'Kim', 8, '00849273'),
(9, 'Zoe', 'Johnson', 9, '00923451'),
(10, 'Lucas', 'White', 10, '00748912'),
(11, 'Ella', 'Kapoor', 11, '00238495'),
(12, 'Benjamin', 'Lopez', 12, '00499822'),
(13, 'Charlotte', 'Singh', 13, '00857392'),
(14, 'Henry', 'Brown', 14, '00628475'),
(15, 'Amelia', 'Ahmed', 15, '00592847'),
(16, 'James', 'Clark', 16, '00384729'),
(17, 'Harper', 'Miller', 17, '00192847'),
(18, 'Alexander', 'Rivera', 18, '00918374'),
(19, 'Evelyn', 'Garcia', 19, '00294837'),
(20, 'Jack', 'Hernandez', 20, '00958273'),
(21, 'Grace', 'Kim', 21, '00738294'),
(22, 'William', 'Allen', 22, '00394827'),
(23, 'Chloe', 'Parker', 23, '00649283'),
(24, 'Michael', 'Thompson', 24, '00847392'),
(25, 'Abigail', 'Evans', 25, '00938274'),
(26, 'Elijah', 'Scott', 26, '00298374'),
(27, 'Emily', 'Taylor', 27, '00194827'),
(28, 'Daniel', 'Moore', 28, '00482937'),
(29, 'Aria', 'Bennett', 29, '00582739'),
(30, 'Matthew', 'Wong', 30, '00849283'),
(31, 'Scarlett', 'Diaz', 31, '00648392'),
(32, 'Joseph', 'King', 32, '00718293'),
(33, 'Victoria', 'Romero', 33, '00948273'),
(34, 'David', 'Gray', 34, '00192384'),
(35, 'Nora', 'Jimenez', 35, '00628394');


-- StoreDailyStats
INSERT INTO StoreDailyStats (stats_id, traffic_id, store_id, date, daily_visitors, peak_hour, lowest_hour, page_views)
VALUES
(1, 9, 31, '2025-11-15', 273, 13, 23, 762),
(2, 16, 10, '2025-12-01', 208, 12, 22, 335),
(3, 19, 28, '2025-11-30', 185, 12, 6, 217),
(4, 5, 32, '2025-11-13', 415, 18, 7, 739),
(5, 44, 24, '2025-11-16', 107, 17, 6, 187),
(6, 26, 19, '2025-11-05', 409, 12, 23, 787),
(7, 26, 16, '2025-12-02', 493, 18, 23, 1169),
(8, 11, 22, '2025-11-20', 380, 12, 23, 637),
(9, 41, 18, '2025-11-07', 282, 13, 6, 573),
(10, 54, 34, '2025-11-27', 363, 13, 7, 1030),
(11, 60, 22, '2025-11-30', 258, 17, 6, 291),
(12, 44, 17, '2025-11-16', 384, 17, 6, 757),
(13, 41, 20, '2025-11-04', 102, 12, 6, 126),
(14, 55, 1, '2025-11-22', 205, 13, 7, 602),
(15, 12, 25, '2025-11-22', 311, 12, 23, 438),
(16, 56, 26, '2025-11-04', 365, 12, 7, 935),
(17, 51, 9, '2025-12-01', 299, 11, 7, 712),
(18, 15, 25, '2025-11-18', 369, 17, 7, 520),
(19, 48, 20, '2025-11-14', 442, 18, 22, 1265),
(20, 37, 30, '2025-11-28', 148, 11, 23, 220),
(21, 15, 2, '2025-11-07', 210, 13, 23, 296),
(22, 40, 6, '2025-11-15', 251, 13, 23, 716),
(23, 13, 10, '2025-11-21', 433, 17, 22, 694),
(24, 23, 1, '2025-11-11', 320, 17, 7, 717),
(25, 48, 17, '2025-11-05', 341, 18, 6, 809),
(26, 14, 25, '2025-11-21', 475, 17, 6, 853),
(27, 20, 17, '2025-11-26', 178, 11, 7, 238),
(28, 32, 28, '2025-11-08', 385, 12, 6, 877),
(29, 57, 16, '2025-11-14', 423, 13, 6, 797),
(30, 10, 19, '2025-11-11', 497, 13, 7, 972);


-- MaintenanceLog
INSERT INTO MaintenanceLog (maintenance_id, sensor_id, performedBy, actionType, actionDate, notes)
VALUES
(1, 15, 'John', 'Repair', '2025-11-10', 'Fixed loose mounting bracket'),
(2, 16, 'Jordan', 'Emergency Fix', '2025-11-08', 'Fixed critical connectivity failure'),
(3, 26, 'Chris', 'Diagnostic Test', '2025-11-11', 'Full diagnostic scan completed'),
(4, 14, 'Sarah', 'Installation', '2025-10-08', 'Initial setup and network connection established'),
(5, 18, 'David', 'Diagnostic Test', '2025-11-03', 'Performance metrics within acceptable range'),
(6, 18, 'James', 'Routine Check', '2025-10-18', 'Sensor readings within normal range'),
(7, 17, 'James', 'Routine Check', '2025-11-03', 'No issues detected during inspection'),
(8, 25, 'James', 'Software Update', '2025-10-09', 'Latest firmware installed and verified'),
(9, 19, 'Jamie', 'Software Update', '2025-11-01', 'Latest firmware installed and verified'),
(10, 17, 'Casey', 'Network Configuration', '2025-10-13', 'Connected to backup WiFi network'),
(11, 5, 'Morgan', 'Cleaning', '2025-11-07', 'Exterior wiped down, vents cleared'),
(12, 6, 'Alex', 'Installation', '2025-11-12', 'Sensor deployed and activated'),
(13, 5, 'Casey', 'Routine Check', '2025-11-22', 'No issues detected during inspection'),
(14, 6, 'Sarah', 'Installation', '2025-10-07', 'Initial setup and network connection established'),
(15, 20, 'John', 'Calibration', '2025-11-14', 'Calibration settings updated and tested'),
(16, 18, 'Lisa', 'Routine Check', '2025-10-15', 'No issues detected during inspection'),
(17, 8, 'John', 'Repair', '2025-11-13', 'Replaced damaged lens cover'),
(18, 32, 'Jamie', 'Cleaning', '2025-10-16', 'Removed debris from sensor area'),
(19, 14, 'Michael', 'Battery Replacement', '2025-10-16', 'Battery at 15%, replaced with new unit'),
(20, 12, 'Sam', 'Software Update', '2025-11-29', 'Software upgraded, system rebooted'),
(21, 14, 'Emily', 'Cleaning', '2025-11-08', 'Lens polished for clarity'),
(22, 2, 'John', 'Emergency Fix', '2025-11-11', 'Fixed critical connectivity failure'),
(23, 32, 'Alex', 'Network Configuration', '2025-10-13', 'Network diagnostics completed successfully'),
(24, 3, 'Taylor', 'Network Configuration', '2025-10-14', 'Network settings reconfigured'),
(25, 29, 'Sarah', 'Cleaning', '2025-10-14', 'Cleaned dust from lens and housing'),
(26, 12, 'Chris', 'Routine Check', '2025-11-03', 'All systems functioning normally'),
(27, 31, 'Emily', 'Emergency Fix', '2025-11-13', 'Emergency power issue resolved'),
(28, 35, 'Lisa', 'Emergency Fix', '2025-11-27', 'Restored offline sensor to operation'),
(29, 5, 'Michael', 'Diagnostic Test', '2025-11-27', 'Hardware and software diagnostics successful'),
(30, 19, 'Sarah', 'Battery Replacement', '2025-11-14', 'Proactive battery swap completed');


--DataQualityCheck
INSERT INTO DataQualityCheck (check_id, sensor_id, checkTime, status)
VALUES
(1, 7, '2025-11-19 08:53:44', 0),
(2, 9, '2025-11-20 20:27:46', 1),
(3, 13, '2025-11-25 05:53:26', 1),
(4, 25, '2025-11-21 14:40:03', 0),
(5, 9, '2025-11-05 07:12:33', 0),
(6, 12, '2025-11-24 15:36:11', 1),
(7, 26, '2025-11-24 03:01:15', 1),
(8, 33, '2025-11-10 00:43:38', 1),
(9, 24, '2025-11-08 08:10:25', 1),
(10, 1, '2025-11-15 16:58:04', 0),
(11, 34, '2025-11-10 11:57:58', 1),
(12, 19, '2025-12-02 22:24:06', 1),
(13, 8, '2025-11-23 13:49:46', 1),
(14, 34, '2025-11-24 14:30:24', 1),
(15, 33, '2025-11-23 09:45:37', 1),
(16, 34, '2025-11-22 17:19:25', 0),
(17, 2, '2025-11-10 07:59:47', 0),
(18, 2, '2025-12-02 16:48:32', 1),
(19, 20, '2025-11-17 03:49:23', 1),
(20, 27, '2025-11-20 17:44:51', 0),
(21, 16, '2025-12-04 08:45:16', 0),
(22, 32, '2025-11-30 21:25:46', 1),
(23, 7, '2025-11-18 17:58:12', 1),
(24, 13, '2025-11-17 08:39:07', 1),
(25, 2, '2025-11-12 22:17:55', 1),
(26, 27, '2025-11-17 12:07:30', 0),
(27, 26, '2025-11-08 16:32:31', 1),
(28, 7, '2025-11-22 07:14:51', 1),
(29, 6, '2025-11-27 23:23:30', 1),
(30, 33, '2025-11-14 05:36:35', 1);